{
    "name": "root",
    "gauges": {
        "MoveToGoal.Policy.Entropy.mean": {
            "value": 2.080425977706909,
            "min": 2.080425977706909,
            "max": 2.11519718170166,
            "count": 10
        },
        "MoveToGoal.Policy.Entropy.sum": {
            "value": 104067.0625,
            "min": 104067.0625,
            "max": 105882.5390625,
            "count": 10
        },
        "MoveToGoal.Environment.EpisodeLength.mean": {
            "value": 358.2206896551724,
            "min": 304.19375,
            "max": 901.4545454545455,
            "count": 10
        },
        "MoveToGoal.Environment.EpisodeLength.sum": {
            "value": 51942.0,
            "min": 46061.0,
            "max": 51942.0,
            "count": 10
        },
        "MoveToGoal.Step.mean": {
            "value": 499945.0,
            "min": 49965.0,
            "max": 499945.0,
            "count": 10
        },
        "MoveToGoal.Step.sum": {
            "value": 499945.0,
            "min": 49965.0,
            "max": 499945.0,
            "count": 10
        },
        "MoveToGoal.Policy.ExtrinsicValueEstimate.mean": {
            "value": 0.035118281841278076,
            "min": -0.07805129140615463,
            "max": 0.035118281841278076,
            "count": 10
        },
        "MoveToGoal.Policy.ExtrinsicValueEstimate.sum": {
            "value": 29.885656356811523,
            "min": -62.98739242553711,
            "max": 29.885656356811523,
            "count": 10
        },
        "MoveToGoal.Environment.CumulativeReward.mean": {
            "value": 0.2797916863993224,
            "min": -0.8767187351186294,
            "max": 0.2797916863993224,
            "count": 10
        },
        "MoveToGoal.Environment.CumulativeReward.sum": {
            "value": 40.29000284150243,
            "min": -56.10999904759228,
            "max": 40.29000284150243,
            "count": 10
        },
        "MoveToGoal.Policy.ExtrinsicReward.mean": {
            "value": 0.2797916863993224,
            "min": -0.8767187351186294,
            "max": 0.2797916863993224,
            "count": 10
        },
        "MoveToGoal.Policy.ExtrinsicReward.sum": {
            "value": 40.29000284150243,
            "min": -56.10999904759228,
            "max": 40.29000284150243,
            "count": 10
        },
        "MoveToGoal.Losses.PolicyLoss.mean": {
            "value": 0.024083252708272388,
            "min": 0.02057942070357967,
            "max": 0.0259708351262816,
            "count": 10
        },
        "MoveToGoal.Losses.PolicyLoss.sum": {
            "value": 0.12041626354136194,
            "min": 0.08989732003440926,
            "max": 0.1251083137754904,
            "count": 10
        },
        "MoveToGoal.Losses.ValueLoss.mean": {
            "value": 0.017064309058090053,
            "min": 0.0012371459922481639,
            "max": 0.021204496293018266,
            "count": 10
        },
        "MoveToGoal.Losses.ValueLoss.sum": {
            "value": 0.08532154529045026,
            "min": 0.00618572996124082,
            "max": 0.10602248146509133,
            "count": 10
        },
        "MoveToGoal.Policy.LearningRate.mean": {
            "value": 1.641693452772e-05,
            "min": 1.641693452772e-05,
            "max": 0.00028459125513624996,
            "count": 10
        },
        "MoveToGoal.Policy.LearningRate.sum": {
            "value": 8.20846726386e-05,
            "min": 8.20846726386e-05,
            "max": 0.0012842706719097998,
            "count": 10
        },
        "MoveToGoal.Policy.Epsilon.mean": {
            "value": 0.10547228000000002,
            "min": 0.10547228000000002,
            "max": 0.19486375000000006,
            "count": 10
        },
        "MoveToGoal.Policy.Epsilon.sum": {
            "value": 0.5273614000000001,
            "min": 0.5000376,
            "max": 0.9280901999999999,
            "count": 10
        },
        "MoveToGoal.Policy.Beta.mean": {
            "value": 0.00028306677200000006,
            "min": 0.00028306677200000006,
            "max": 0.004743701125,
            "count": 10
        },
        "MoveToGoal.Policy.Beta.sum": {
            "value": 0.0014153338600000004,
            "min": 0.0014153338600000004,
            "max": 0.021411700979999997,
            "count": 10
        },
        "MoveToGoal.IsTraining.mean": {
            "value": 1.0,
            "min": 1.0,
            "max": 1.0,
            "count": 10
        },
        "MoveToGoal.IsTraining.sum": {
            "value": 1.0,
            "min": 1.0,
            "max": 1.0,
            "count": 10
        }
    },
    "metadata": {
        "timer_format_version": "0.1.0",
        "start_time_seconds": "1640700675",
        "python_version": "3.7.9 (tags/v3.7.9:13c94747c7, Aug 17 2020, 18:58:18) [MSC v.1900 64 bit (AMD64)]",
        "command_line_arguments": "C:\\Users\\Ortwin\\AppData\\Local\\Programs\\Python\\Python37\\Scripts\\mlagents-learn --run-id=GoalSeeker6",
        "mlagents_version": "0.27.0",
        "mlagents_envs_version": "0.27.0",
        "communication_protocol_version": "1.5.0",
        "pytorch_version": "1.7.1+cu110",
        "numpy_version": "1.21.5",
        "end_time_seconds": "1640701915"
    },
    "total": 1240.9202912,
    "count": 1,
    "self": 0.022578700000167373,
    "children": {
        "run_training.setup": {
            "total": 0.07754819999999996,
            "count": 1,
            "self": 0.07754819999999996
        },
        "TrainerController.start_learning": {
            "total": 1240.8201643,
            "count": 1,
            "self": 1.5627099999978782,
            "children": {
                "TrainerController._reset_env": {
                    "total": 17.046634,
                    "count": 1,
                    "self": 17.046634
                },
                "TrainerController.advance": {
                    "total": 1222.0996560000024,
                    "count": 56424,
                    "self": 1.7582184999980655,
                    "children": {
                        "env_step": {
                            "total": 975.5185096000042,
                            "count": 56424,
                            "self": 683.0813351000218,
                            "children": {
                                "SubprocessEnvManager._take_step": {
                                    "total": 291.38198139998656,
                                    "count": 56424,
                                    "self": 5.404530800002817,
                                    "children": {
                                        "TorchPolicy.evaluate": {
                                            "total": 285.97745059998374,
                                            "count": 55586,
                                            "self": 143.1649931999808,
                                            "children": {
                                                "TorchPolicy.sample_actions": {
                                                    "total": 142.81245740000293,
                                                    "count": 55586,
                                                    "self": 142.81245740000293
                                                }
                                            }
                                        }
                                    }
                                },
                                "workers": {
                                    "total": 1.0551930999959644,
                                    "count": 56424,
                                    "self": 0.0,
                                    "children": {
                                        "worker_root": {
                                            "total": 1222.662514999999,
                                            "count": 56424,
                                            "is_parallel": true,