{
    "name": "root",
    "gauges": {
        "PlatformJumper.Policy.Entropy.mean": {
            "value": 2.037227153778076,
            "min": 1.957155466079712,
            "max": 2.1209561824798584,
            "count": 33
        },
        "PlatformJumper.Policy.Entropy.sum": {
            "value": 61440.73046875,
            "min": 58444.578125,
            "max": 64408.484375,
            "count": 33
        },
        "PlatformJumper.Step.mean": {
            "value": 989967.0,
            "min": 29976.0,
            "max": 989967.0,
            "count": 33
        },
        "PlatformJumper.Step.sum": {
            "value": 989967.0,
            "min": 29976.0,
            "max": 989967.0,
            "count": 33
        },
        "PlatformJumper.Policy.ExtrinsicValueEstimate.mean": {
            "value": 0.33201080560684204,
            "min": -0.1487862765789032,
            "max": 0.3764772415161133,
            "count": 33
        },
        "PlatformJumper.Policy.ExtrinsicValueEstimate.sum": {
            "value": 98.93922424316406,
            "min": -36.60142517089844,
            "max": 115.95498657226562,
            "count": 33
        },
        "PlatformJumper.Policy.GailValueEstimate.mean": {
            "value": 0.1512695997953415,
            "min": 0.13822461664676666,
            "max": 0.5426966547966003,
            "count": 33
        },
        "PlatformJumper.Policy.GailValueEstimate.sum": {
            "value": 45.07834243774414,
            "min": 42.57318115234375,
            "max": 131.3325958251953,
            "count": 33
        },
        "PlatformJumper.Losses.PolicyLoss.mean": {
            "value": 0.06879933440473539,
            "min": 0.06483774565488905,
            "max": 0.0723064199618572,
            "count": 33
        },
        "PlatformJumper.Losses.PolicyLoss.sum": {
            "value": 0.9631906816662954,
            "min": 0.9077284391684467,
            "max": 1.0600341754161247,
            "count": 33
        },
        "PlatformJumper.Losses.ValueLoss.mean": {
            "value": 0.006674796990929669,
            "min": 0.0008231367235054654,
            "max": 0.006674796990929669,
            "count": 33
        },
        "PlatformJumper.Losses.ValueLoss.sum": {
            "value": 0.09344715787301537,
            "min": 0.011523914129076517,
            "max": 0.09672112914025396,
            "count": 33
        },
        "PlatformJumper.Policy.LearningRate.mean": {
            "value": 7.289304713121429e-06,
            "min": 7.289304713121429e-06,
            "max": 0.0002954045784548846,
            "count": 33
        },
        "PlatformJumper.Policy.LearningRate.sum": {
            "value": 0.0001020502659837,
            "min": 0.0001020502659837,
            "max": 0.004296964267678599,
            "count": 33
        },
        "PlatformJumper.Policy.Epsilon.mean": {
            "value": 0.10242973571428572,
            "min": 0.10242973571428572,
            "max": 0.19846819230769233,
            "count": 33
        },
        "PlatformJumper.Policy.Epsilon.sum": {
            "value": 1.4340163000000001,
            "min": 1.4340163000000001,
            "max": 2.9323214,
            "count": 33
        },
        "PlatformJumper.Policy.Beta.mean": {
            "value": 0.0002527305978571429,
            "min": 0.0002527305978571429,
            "max": 0.009846972411538462,
            "count": 33
        },
        "PlatformJumper.Policy.Beta.sum": {
            "value": 0.0035382283700000007,
            "min": 0.0035382283700000007,
            "max": 0.14323890786000001,
            "count": 33
        },
        "PlatformJumper.Policy.GAILPolicyEstimate.mean": {
            "value": 0.12538376454973504,
            "min": 0.12538376454973504,
            "max": 0.3804127925144422,
            "count": 33
        },
        "PlatformJumper.Policy.GAILPolicyEstimate.sum": {
            "value": 1.7553727036962905,
            "min": 1.7553727036962905,
            "max": 5.3911389133290335,
            "count": 33
        },
        "PlatformJumper.Policy.GAILExpertEstimate.mean": {
            "value": 0.9066581485704297,
            "min": 0.6182855527834895,
            "max": 0.9066581485704297,
            "count": 33
        },
        "PlatformJumper.Policy.GAILExpertEstimate.sum": {
            "value": 12.693214079986015,
            "min": 8.037712186185363,
            "max": 13.526239172865946,
            "count": 33
        },
        "PlatformJumper.Losses.GAILLoss.mean": {
            "value": 0.27452012814492693,
            "min": 0.27452012814492693,
            "max": 1.026935010604674,
            "count": 33
        },
        "PlatformJumper.Losses.GAILLoss.sum": {
            "value": 3.8432817940289774,
            "min": 3.8432817940289774,
            "max": 14.201452905348704,
            "count": 33
        },
        "PlatformJumper.Policy.GAILGradMagLoss.mean": {
            "value": 0.0670010940160691,
            "min": 0.0670010940160691,
            "max": 0.8401853730191916,
            "count": 33
        },
        "PlatformJumper.Policy.GAILGradMagLoss.sum": {
            "value": 0.9380153162249675,
            "min": 0.9380153162249675,
            "max": 10.92240984924949,
            "count": 33
        },
        "PlatformJumper.Environment.EpisodeLength.mean": {
            "value": 228.31496062992127,
            "min": 206.32592592592593,
            "max": 947.1,
            "count": 33
        },
        "PlatformJumper.Environment.EpisodeLength.sum": {
            "value": 28996.0,
            "min": 25809.0,
            "max": 32940.0,
            "count": 33
        },
        "PlatformJumper.Environment.CumulativeReward.mean": {
            "value": 0.80642858141708,
            "min": -1.011111079249531,
            "max": 0.8300000101840799,
            "count": 33
        },
        "PlatformJumper.Environment.CumulativeReward.sum": {
            "value": 101.61000125855207,
            "min": -36.39999885298312,
            "max": 123.90000157803297,
            "count": 33
        },
        "PlatformJumper.Policy.ExtrinsicReward.mean": {
            "value": 0.80642858141708,
            "min": -1.011111079249531,
            "max": 0.8300000101840799,
            "count": 33
        },
        "PlatformJumper.Policy.ExtrinsicReward.sum": {
            "value": 101.61000125855207,
            "min": -36.39999885298312,
            "max": 123.90000157803297,
            "count": 33
        },
        "PlatformJumper.Policy.GailReward.mean": {
            "value": 0.5398864532730335,
            "min": 0.4830315866554675,
            "max": 4.915181129787336,
            "count": 33
        },
        "PlatformJumper.Policy.GailReward.sum": {
            "value": 68.02569311240222,
            "min": 68.02569311240222,
            "max": 167.11615841276944,
            "count": 33
        },
        "PlatformJumper.IsTraining.mean": {
            "value": 1.0,
            "min": 1.0,
            "max": 1.0,
            "count": 33
        },
        "PlatformJumper.IsTraining.sum": {
            "value": 1.0,
            "min": 1.0,
            "max": 1.0,
            "count": 33
        }
    },
    "metadata": {
        "timer_format_version": "0.1.0",
        "start_time_seconds": "1641994192",
        "python_version": "3.7.9 (tags/v3.7.9:13c94747c7, Aug 17 2020, 18:58:18) [MSC v.1900 64 bit (AMD64)]",
        "command_line_arguments": "C:\\Users\\Ortwin\\AppData\\Local\\Programs\\Python\\Python37\\Scripts\\mlagents-learn ..\\Config\\PPO\\2-platform\\PlatformJumper_PPO_GAIL-1m_2-platform_1000K.yaml --run-id=PlatformJumper_PPO_GAIL-1m_2-platform_1000K_01",
        "mlagents_version": "0.27.0",
        "mlagents_envs_version": "0.27.0",
        "communication_protocol_version": "1.5.0",
        "pytorch_version": "1.7.1+cu110",
        "numpy_version": "1.21.5",