{
    "name": "root",
    "metadata": {
        "timer_format_version": "0.1.0",
        "start_time_seconds": "1640700573",
        "python_version": "3.7.9 (tags/v3.7.9:13c94747c7, Aug 17 2020, 18:58:18) [MSC v.1900 64 bit (AMD64)]",
        "command_line_arguments": "C:\\Users\\Ortwin\\AppData\\Local\\Programs\\Python\\Python37\\Scripts\\mlagents-learn --run-id=GoalSeeker5",
        "mlagents_version": "0.27.0",
        "mlagents_envs_version": "0.27.0",
        "communication_protocol_version": "1.5.0",
        "pytorch_version": "1.7.1+cu110",
        "numpy_version": "1.21.5",
        "end_time_seconds": "1640700634"
    },
    "total": 60.583640900000006,
    "count": 1,
    "self": 0.00935710000000256,
    "children": {
        "run_training.setup": {
            "total": 0.07618799999999992,
            "count": 1,
            "self": 0.07618799999999992
        },
        "TrainerController.start_learning": {
            "total": 60.4980958,
            "count": 1,
            "self": 0.031620700000011936,
            "children": {
                "TrainerController._reset_env": {
                    "total": 16.4560313,
                    "count": 1,
                    "self": 16.4560313
                },
                "TrainerController.advance": {
                    "total": 43.887341599999985,
                    "count": 1535,
                    "self": 0.03390670000011653,
                    "children": {
                        "env_step": {
                            "total": 33.718989400000005,
                            "count": 1535,
                            "self": 29.20906199999993,
                            "children": {
                                "SubprocessEnvManager._take_step": {
                                    "total": 4.491017300000056,
                                    "count": 1535,
                                    "self": 0.110781599999914,
                                    "children": {
                                        "TorchPolicy.evaluate": {
                                            "total": 4.380235700000142,
                                            "count": 1497,
                                            "self": 1.6690636000002286,
                                            "children": {
                                                "TorchPolicy.sample_actions": {
                                                    "total": 2.7111720999999136,
                                                    "count": 1497,
                                                    "self": 2.7111720999999136
                                                }
                                            }
                                        }
                                    }
                                },
                                "workers": {
                                    "total": 0.01891010000002069,
                                    "count": 1534,
                                    "self": 0.0,
                                    "children": {
                                        "worker_root": {
                                            "total": 45.04258140000012,
                                            "count": 1534,
                                            "is_parallel": true,
                                            "self": 18.44287720000011,
                                            "children": {
                                                "steps_from_proto": {
                                                    "total": 0.001022199999999529,
                                                    "count": 1,
                                                    "is_parallel": true,
                                                    "self": 0.0002538000000029683,
                                                    "children": {
                                                        "_process_rank_one_or_two_observation": {
                                                            "total": 0.0007683999999965607,
                                                            "count": 8,
                                                            "is_parallel": true,
                                                            "self": 0.0007683999999965607
                                                        }
                                                    }
                                                },
                                                "UnityEnvironment.step": {
                                                    "total": 26.598682000000004,
                                                    "count": 1534,
                                                    "is_parallel": true,
                                                    "self": 0.5666407000000717,
                                                    "children": {
                                                        "UnityEnvironment._generate_step_input": {
                                                            "total": 0.5414585000000329,
                                                            "count": 1534,
                                                            "is_parallel": true,
                                                            "self": 0.5414585000000329
                                                        },
                                                        "communicator.exchange": {
                                                            "total": 23.997835399999882,
                                                            "count": 1534,
                                                            "is_parallel": true,
                                                            "self": 23.997835399999882
                                                        },
                                                        "steps_from_proto": {
                                                            "total": 1.4927474000000167,
                                                            "count": 1534,
                                                            "is_parallel": true,
                                                            "self": 0.3886123000003039,
                                                            "children": {
                                                                "_process_rank_one_or_two_observation": {
                                                                    "total": 1.1041350999997128,
                                                                    "count": 12272,
                                                                    "is_parallel": true,
                                                                    "self": 1.1041350999997128
                                                                }
                                                            }
                                                        }
                                                    }
                                                }
                                            }
                                        }
                                    }
                                }
                            }
                        },
                        "trainer_advance": {
                            "total": 10.134445499999863,
                            "count": 1534,
                            "self": 0.05491119999969385,
                            "children": {
                                "process_trajectory": {
                                    "total": 3.2731456000001735,
                                    "count": 1534,
                                    "self": 3.2731456000001735
                                },