{
    "name": "root",
    "gauges": {
        "PlatformJumper.Policy.Entropy.mean": {
            "value": 2.1033143997192383,
            "min": 2.066535472869873,
            "max": 2.3163247108459473,
            "count": 33
        },
        "PlatformJumper.Policy.Entropy.sum": {
            "value": 63452.7890625,
            "min": 62844.56640625,
            "max": 69628.71875,
            "count": 33
        },
        "PlatformJumper.Environment.EpisodeLength.mean": {
            "value": 854.3714285714286,
            "min": 527.8,
            "max": 947.21875,
            "count": 33
        },
        "PlatformJumper.Environment.EpisodeLength.sum": {
            "value": 29903.0,
            "min": 26390.0,
            "max": 32657.0,
            "count": 33
        },
        "PlatformJumper.Step.mean": {
            "value": 989969.0,
            "min": 29896.0,
            "max": 989969.0,
            "count": 33
        },
        "PlatformJumper.Step.sum": {
            "value": 989969.0,
            "min": 29896.0,
            "max": 989969.0,
            "count": 33
        },
        "PlatformJumper.Policy.ExtrinsicValueEstimate.mean": {
            "value": -0.04529895633459091,
            "min": -0.07710825651884079,
            "max": 0.08150074630975723,
            "count": 33
        },
        "PlatformJumper.Policy.ExtrinsicValueEstimate.sum": {
            "value": -11.143543243408203,
            "min": -18.814414978027344,
            "max": 20.701189041137695,
            "count": 33
        },
        "PlatformJumper.Policy.GailValueEstimate.mean": {
            "value": 0.4527984857559204,
            "min": 0.36713942885398865,
            "max": 0.5355208516120911,
            "count": 33
        },
        "PlatformJumper.Policy.GailValueEstimate.sum": {
            "value": 111.388427734375,
            "min": 93.25341796875,
            "max": 132.27365112304688,
            "count": 33
        },
        "PlatformJumper.Environment.CumulativeReward.mean": {
            "value": -0.4426470650907825,
            "min": -0.6640625093132257,
            "max": -0.21125000733882188,
            "count": 33
        },
        "PlatformJumper.Environment.CumulativeReward.sum": {
            "value": -15.050000213086605,
            "min": -23.550000071525574,
            "max": -7.4000003561377525,
            "count": 33
        },
        "PlatformJumper.Policy.ExtrinsicReward.mean": {
            "value": -0.4426470650907825,
            "min": -0.6640625093132257,
            "max": -0.21125000733882188,
            "count": 33
        },
        "PlatformJumper.Policy.ExtrinsicReward.sum": {
            "value": -15.050000213086605,
            "min": -23.550000071525574,
            "max": -7.4000003561377525,
            "count": 33
        },
        "PlatformJumper.Policy.GailReward.mean": {
            "value": 3.6647272926262198,
            "min": 2.802846150950063,
            "max": 4.451847014120883,
            "count": 33
        },
        "PlatformJumper.Policy.GailReward.sum": {
            "value": 124.60072794929147,
            "min": 107.66777001530863,
            "max": 160.2664925083518,
            "count": 33
        },
        "PlatformJumper.Losses.PolicyLoss.mean": {
            "value": 0.06822509985072213,
            "min": 0.06326639096523597,
            "max": 0.07262644676874126,
            "count": 33
        },
        "PlatformJumper.Losses.PolicyLoss.sum": {
            "value": 0.9551513979101097,
            "min": 0.8378598651207166,
            "max": 1.035750002562589,
            "count": 33
        },
        "PlatformJumper.Losses.ValueLoss.mean": {
            "value": 0.002209647354036514,
            "min": 0.0007099018307599181,
            "max": 0.0035656914045923767,
            "count": 33
        },
        "PlatformJumper.Losses.ValueLoss.sum": {
            "value": 0.030935062956511196,
            "min": 0.009938625630638853,
            "max": 0.0463539882597009,
            "count": 33
        },
        "PlatformJumper.Policy.LearningRate.mean": {
            "value": 7.2918118551428594e-06,
            "min": 7.2918118551428594e-06,
            "max": 0.00029540266307090764,
            "count": 33
        },
        "PlatformJumper.Policy.LearningRate.sum": {
            "value": 0.00010208536597200003,
            "min": 0.00010208536597200003,
            "max": 0.004014623161792299,
            "count": 33
        },
        "PlatformJumper.Policy.Epsilon.mean": {
            "value": 0.10243057142857144,
            "min": 0.10243057142857144,
            "max": 0.19846755384615383,
            "count": 33
        },
        "PlatformJumper.Policy.Epsilon.sum": {
            "value": 1.434028,
            "min": 1.434028,
            "max": 2.7976357000000003,
            "count": 33
        },
        "PlatformJumper.Policy.Beta.mean": {
            "value": 0.0002528140857142859,
            "min": 0.0002528140857142859,
            "max": 0.009846908629230768,
            "count": 33
        },
        "PlatformJumper.Policy.Beta.sum": {
            "value": 0.0035393972000000024,
            "min": 0.0035393972000000024,
            "max": 0.13382694923,
            "count": 33
        },
        "PlatformJumper.Policy.GAILPolicyEstimate.mean": {
            "value": 0.2350113966635295,
            "min": 0.21626750579369916,
            "max": 0.38005463236473713,
            "count": 33
        },
        "PlatformJumper.Policy.GAILPolicyEstimate.sum": {
            "value": 3.290159553289413,
            "min": 3.0277450811117883,
            "max": 4.9407102207415825,
            "count": 33
        },
        "PlatformJumper.Policy.GAILExpertEstimate.mean": {
            "value": 0.7681096729245924,
            "min": 0.607885304175396,
            "max": 0.7779767925718,
            "count": 33
        },
        "PlatformJumper.Policy.GAILExpertEstimate.sum": {
            "value": 10.753535420944294,
            "min": 7.902508954280147,
            "max": 11.618149269372225,
            "count": 33
        },
        "PlatformJumper.Losses.GAILLoss.mean": {
            "value": 0.6355736792264949,
            "min": 0.581917841697023,
            "max": 1.0509448863655826,
            "count": 33
        },
        "PlatformJumper.Losses.GAILLoss.sum": {
            "value": 8.898031509170929,
            "min": 8.146849783758322,
            "max": 13.662283522752572,
            "count": 33
        },
        "PlatformJumper.Policy.GAILGradMagLoss.mean": {
            "value": 0.052447630445905294,
            "min": 0.04577880478574938,
            "max": 0.9730740113192284,
            "count": 33
        },
        "PlatformJumper.Policy.GAILGradMagLoss.sum": {
            "value": 0.7342668262426741,
            "min": 0.6409032670004914,
            "max": 12.649962147149969,
            "count": 33
        },
        "PlatformJumper.IsTraining.mean": {
            "value": 1.0,
            "min": 1.0,
            "max": 1.0,
            "count": 33
        },
        "PlatformJumper.IsTraining.sum": {
            "value": 1.0,
            "min": 1.0,
            "max": 1.0,
            "count": 33
        }
    },
    "metadata": {
        "timer_format_version": "0.1.0",
        "start_time_seconds": "1642448866",
        "python_version": "3.7.9 (tags/v3.7.9:13c94747c7, Aug 17 2020, 18:58:18) [MSC v.1900 64 bit (AMD64)]",
        "command_line_arguments": "C:\\Users\\Ortwin\\AppData\\Local\\Programs\\Python\\Python37\\Scripts\\mlagents-learn ..\\Config\\PPO\\3-7-platform\\PlatformJumper_PPO_GAIL-10m_3-7-platform_1000K.yaml --run-id=PlatformJumper_UpDownRewards_PPO_GAIL-10m_3-7-platform_from-prev-ppo_1000K --initialize-from=PlatformJumper_UpDownRewards_PPO_1-2-platform_from-prev_1000K",
        "mlagents_version": "0.27.0",
        "mlagents_envs_version": "0.27.0",
        "communication_protocol_version": "1.5.0",