{
    "name": "root",
    "gauges": {
        "PlatformJumper.Policy.Entropy.mean": {
            "value": 1.9598760604858398,
            "min": 1.9291728734970093,
            "max": 2.1124420166015625,
            "count": 33
        },
        "PlatformJumper.Policy.Entropy.sum": {
            "value": 59019.70703125,
            "min": 57904.125,
            "max": 64564.67578125,
            "count": 33
        },
        "PlatformJumper.Step.mean": {
            "value": 989972.0,
            "min": 29968.0,
            "max": 989972.0,
            "count": 33
        },
        "PlatformJumper.Step.sum": {
            "value": 989972.0,
            "min": 29968.0,
            "max": 989972.0,
            "count": 33
        },
        "PlatformJumper.Policy.ExtrinsicValueEstimate.mean": {
            "value": 0.5760518312454224,
            "min": -0.15129372477531433,
            "max": 0.5923687815666199,
            "count": 33
        },
        "PlatformJumper.Policy.ExtrinsicValueEstimate.sum": {
            "value": 220.05178833007812,
            "min": -37.82343292236328,
            "max": 225.10012817382812,
            "count": 33
        },
        "PlatformJumper.Policy.GailValueEstimate.mean": {
            "value": 0.23039580881595612,
            "min": 0.23039580881595612,
            "max": 0.6502500176429749,
            "count": 33
        },
        "PlatformJumper.Policy.GailValueEstimate.sum": {
            "value": 88.01119995117188,
            "min": 88.01119995117188,
            "max": 162.5625,
            "count": 33
        },
        "PlatformJumper.Losses.PolicyLoss.mean": {
            "value": 0.0646056107734896,
            "min": 0.0646056107734896,
            "max": 0.07391815373069467,
            "count": 33
        },
        "PlatformJumper.Losses.PolicyLoss.sum": {
            "value": 0.9690841616023439,
            "min": 0.8757779358099047,
            "max": 1.0472201245344486,
            "count": 33
        },
        "PlatformJumper.Losses.ValueLoss.mean": {
            "value": 0.007464330306457769,
            "min": 0.0011628293021443193,
            "max": 0.008072931473309706,
            "count": 33
        },
        "PlatformJumper.Losses.ValueLoss.sum": {
            "value": 0.11196495459686653,
            "min": 0.01627961023002047,
            "max": 0.12074027876466666,
            "count": 33
        },
        "PlatformJumper.Policy.LearningRate.mean": {
            "value": 7.502917499059996e-06,
            "min": 7.502917499059996e-06,
            "max": 0.0002953855169227769,
            "count": 33
        },
        "PlatformJumper.Policy.LearningRate.sum": {
            "value": 0.00011254376248589994,
            "min": 0.00011254376248589994,
            "max": 0.004162264012578699,
            "count": 33
        },
        "PlatformJumper.Policy.Epsilon.mean": {
            "value": 0.10250094000000001,
            "min": 0.10250094000000001,
            "max": 0.19846183846153848,
            "count": 33
        },
        "PlatformJumper.Policy.Epsilon.sum": {
            "value": 1.5375141,
            "min": 1.4775976000000002,
            "max": 2.8874213,
            "count": 33
        },
        "PlatformJumper.Policy.Beta.mean": {
            "value": 0.0002598439059999998,
            "min": 0.0002598439059999998,
            "max": 0.009846337662307693,
            "count": 33
        },
        "PlatformJumper.Policy.Beta.sum": {
            "value": 0.003897658589999997,
            "min": 0.003897658589999997,
            "max": 0.13875338787,
            "count": 33
        },
        "PlatformJumper.Policy.GAILPolicyEstimate.mean": {
            "value": 0.3328391511407163,
            "min": 0.3302910924844799,
            "max": 0.4064158549704293,
            "count": 33
        },
        "PlatformJumper.Policy.GAILPolicyEstimate.sum": {
            "value": 4.9925872671107445,
            "min": 4.624075294782719,
            "max": 5.640066009635727,
            "count": 33
        },
        "PlatformJumper.Policy.GAILExpertEstimate.mean": {
            "value": 0.6692121611701117,
            "min": 0.5967764426197577,
            "max": 0.6791356741411596,
            "count": 33
        },
        "PlatformJumper.Policy.GAILExpertEstimate.sum": {
            "value": 10.038182417551676,
            "min": 7.7580937540568495,
            "max": 10.038182417551676,
            "count": 33
        },
        "PlatformJumper.Losses.GAILLoss.mean": {
            "value": 0.9366961202687688,
            "min": 0.8957619691366743,
            "max": 1.115414435538701,
            "count": 33
        },
        "PlatformJumper.Losses.GAILLoss.sum": {
            "value": 14.050441804031532,
            "min": 12.54066756791344,
            "max": 15.141514018177986,
            "count": 33
        },
        "PlatformJumper.Policy.GAILGradMagLoss.mean": {
            "value": 0.0284994820275137,
            "min": 0.02427086466729331,
            "max": 0.8760817925078874,
            "count": 33
        },
        "PlatformJumper.Policy.GAILGradMagLoss.sum": {
            "value": 0.4274922304127055,
            "min": 0.3622817758781215,
            "max": 11.389063302602537,
            "count": 33
        },
        "PlatformJumper.Environment.EpisodeLength.mean": {
            "value": 108.55434782608695,
            "min": 100.4931506849315,
            "max": 898.3333333333334,
            "count": 33
        },
        "PlatformJumper.Environment.EpisodeLength.sum": {
            "value": 29961.0,
            "min": 26595.0,
            "max": 32139.0,
            "count": 33
        },
        "PlatformJumper.Environment.CumulativeReward.mean": {
            "value": 0.9221454664658416,
            "min": -1.055555528195368,
            "max": 0.9484351261284287,
            "count": 33
        },
        "PlatformJumper.Environment.CumulativeReward.sum": {
            "value": 253.59000327810645,
            "min": -47.499998768791556,
            "max": 273.3800037801266,
            "count": 33
        },
        "PlatformJumper.Policy.ExtrinsicReward.mean": {
            "value": 0.9221454664658416,
            "min": -1.055555528195368,
            "max": 0.9484351261284287,
            "count": 33
        },
        "PlatformJumper.Policy.ExtrinsicReward.sum": {
            "value": 253.59000327810645,
            "min": -47.499998768791556,
            "max": 273.3800037801266,
            "count": 33
        },
        "PlatformJumper.Policy.GailReward.mean": {
            "value": 0.643652518665926,
            "min": 0.643652518665926,
            "max": 5.317771743192817,
            "count": 33
        },
        "PlatformJumper.Policy.GailReward.sum": {
            "value": 177.00444263312966,
            "min": 154.778828619048,
            "max": 217.367835118348,
            "count": 33
        },
        "PlatformJumper.IsTraining.mean": {
            "value": 1.0,
            "min": 1.0,
            "max": 1.0,
            "count": 33
        },
        "PlatformJumper.IsTraining.sum": {
            "value": 1.0,
            "min": 1.0,
            "max": 1.0,
            "count": 33
        }
    },
    "metadata": {
        "timer_format_version": "0.1.0",
        "start_time_seconds": "1642000703",
        "python_version": "3.7.9 (tags/v3.7.9:13c94747c7, Aug 17 2020, 18:58:18) [MSC v.1900 64 bit (AMD64)]",
        "command_line_arguments": "C:\\Users\\Ortwin\\AppData\\Local\\Programs\\Python\\Python37\\Scripts\\mlagents-learn ..\\Config\\PPO\\2-platform\\PlatformJumper_PPO_GAIL-10m_2-platform_1000K.yaml --run-id=PlatformJumper_PPO_GAIL-10m_2-platform_1000K_01",
        "mlagents_version": "0.27.0",
        "mlagents_envs_version": "0.27.0",
        "communication_protocol_version": "1.5.0",
        "pytorch_version": "1.7.1+cu110",
        "numpy_version": "1.21.5",
        "end_time_seconds": "1642003968"
    },