{
    "name": "root",
    "gauges": {
        "PlatformJumper.Policy.Entropy.mean": {
            "value": 0.8716184496879578,
            "min": 0.6417406797409058,
            "max": 1.4857053756713867,
            "count": 16
        },
        "PlatformJumper.Policy.Entropy.sum": {
            "value": 26043.958984375,
            "min": 19232.96875,
            "max": 45342.2421875,
            "count": 16
        },
        "PlatformJumper.Environment.EpisodeLength.mean": {
            "value": 283.0480769230769,
            "min": 234.04,
            "max": 616.2954545454545,
            "count": 16
        },
        "PlatformJumper.Environment.EpisodeLength.sum": {
            "value": 29437.0,
            "min": 27117.0,
            "max": 31161.0,
            "count": 16
        },
        "PlatformJumper.Step.mean": {
            "value": 479887.0,
            "min": 29977.0,
            "max": 479887.0,
            "count": 16
        },
        "PlatformJumper.Step.sum": {
            "value": 479887.0,
            "min": 29977.0,
            "max": 479887.0,
            "count": 16
        },
        "PlatformJumper.Policy.ExtrinsicValue.mean": {
            "value": 0.8484616875648499,
            "min": 0.6914074420928955,
            "max": 1.600483775138855,
            "count": 16
        },
        "PlatformJumper.Policy.ExtrinsicValue.sum": {
            "value": 244.35696411132812,
            "min": 195.52723693847656,
            "max": 401.721435546875,
            "count": 16
        },
        "PlatformJumper.Environment.CumulativeReward.mean": {
            "value": 0.7156730902452881,
            "min": -0.04977270744910294,
            "max": 0.7727200100421906,
            "count": 16
        },
        "PlatformJumper.Environment.CumulativeReward.sum": {
            "value": 74.43000138550997,
            "min": -2.489998873323202,
            "max": 96.59000125527382,
            "count": 16
        },
        "PlatformJumper.Policy.ExtrinsicReward.mean": {
            "value": 1.4313461804905763,
            "min": -0.09954541489820588,
            "max": 1.5454400200843812,
            "count": 16
        },
        "PlatformJumper.Policy.ExtrinsicReward.sum": {
            "value": 148.86000277101994,
            "min": -4.979997746646404,
            "max": 193.18000251054764,
            "count": 16
        },
        "PlatformJumper.Losses.PolicyLoss.mean": {
            "value": -1.3975241461684058,
            "min": -3.225608600548125,
            "max": -1.1196060758264244,
            "count": 16
        },
        "PlatformJumper.Losses.PolicyLoss.sum": {
            "value": -4181.39224533587,
            "min": -9344.588115787918,
            "max": -3357.6986214034464,
            "count": 16
        },
        "PlatformJumper.Losses.ValueLoss.mean": {
            "value": 0.0006425539258752269,
            "min": 0.0003442868037855375,
            "max": 0.0008151823795309511,
            "count": 16
        },
        "PlatformJumper.Losses.ValueLoss.sum": {
            "value": 1.9225213462186788,
            "min": 0.9973988705667021,
            "max": 2.448807868110977,
            "count": 16
        },
        "PlatformJumper.Losses.Q1Loss.mean": {
            "value": 0.0021727423362957977,
            "min": 0.0003324816453343687,
            "max": 0.0025289698384301095,
            "count": 16
        },
        "PlatformJumper.Losses.Q1Loss.sum": {
            "value": 6.500845070197027,
            "min": 0.9631993265336661,
            "max": 7.581851575613468,
            "count": 16
        },
        "PlatformJumper.Losses.Q2Loss.mean": {
            "value": 0.0021360204118585436,
            "min": 0.00031129786362321584,
            "max": 0.00248097484549239,
            "count": 16
        },
        "PlatformJumper.Losses.Q2Loss.sum": {
            "value": 6.3909730722807625,
            "min": 0.9018299109164563,
            "max": 7.437962586786185,
            "count": 16
        },
        "PlatformJumper.Policy.DiscreteEntropyCoeff.mean": {
            "value": 0.001199989659861009,
            "min": 0.0005248152249588244,
            "max": 0.005108101420758725,
            "count": 16
        },
        "PlatformJumper.Policy.DiscreteEntropyCoeff.sum": {
            "value": 3.5903690623041387,
            "min": 1.5723464139766379,
            "max": 14.798169815938026,
            "count": 16
        },
        "PlatformJumper.Policy.ContinuousEntropyCoeff.mean": {
            "value": 0.0007757643398637004,
            "min": 0.0003618497358516361,
            "max": 0.005145139196687361,
            "count": 16
        },
        "PlatformJumper.Policy.ContinuousEntropyCoeff.sum": {
            "value": 2.3210869048721916,
            "min": 1.0866347567624632,
            "max": 14.905468252803285,
            "count": 16
        },
        "PlatformJumper.Policy.LearningRate.mean": {
            "value": 0.0003,
            "min": 0.0002999999999999999,
            "max": 0.0003,
            "count": 16
        },
        "PlatformJumper.Policy.LearningRate.sum": {
            "value": 0.8975999999999998,
            "min": 0.8691,
            "max": 0.9023999999999999,
            "count": 16
        },
        "PlatformJumper.IsTraining.mean": {
            "value": 1.0,
            "min": 1.0,
            "max": 1.0,
            "count": 16
        },
        "PlatformJumper.IsTraining.sum": {
            "value": 1.0,
            "min": 1.0,
            "max": 1.0,
            "count": 16
        }
    },
    "metadata": {
        "timer_format_version": "0.1.0",
        "start_time_seconds": "1641228836",
        "python_version": "3.7.9 (tags/v3.7.9:13c94747c7, Aug 17 2020, 18:58:18) [MSC v.1900 64 bit (AMD64)]",
        "command_line_arguments": "C:\\Users\\Ortwin\\AppData\\Local\\Programs\\Python\\Python37\\Scripts\\mlagents-learn ..\\Config\\SAC_PlatformJumper.yaml --run-id=SAC_PlatformJumper01_Phase2 --initialize-from=SAC_PlatformJumper_Phase1",
        "mlagents_version": "0.27.0",
        "mlagents_envs_version": "0.27.0",
        "communication_protocol_version": "1.5.0",
        "pytorch_version": "1.7.1+cu110",
        "numpy_version": "1.21.5",
        "end_time_seconds": "1641231625"
    },
    "total": 2788.4334523,
    "count": 1,
    "self": 0.0269653999998809,
    "children": {
        "run_training.setup": {
            "total": 0.13612800000000003,
            "count": 1,
            "self": 0.13612800000000003
        },
        "TrainerController.start_learning": {
            "total": 2788.2703589000002,
            "count": 1,
            "self": 1.2119428000114567,
            "children": {
                "TrainerController._reset_env": {
                    "total": 11.3798419,
                    "count": 1,
                    "self": 11.3798419
                },
                "TrainerController.advance": {
                    "total": 2775.3798210999885,
                    "count": 56735,
                    "self": 1.3051987999569974,
                    "children": {
                        "env_step": {
                            "total": 898.5563551000301,
                            "count": 56735,
                            "self": 664.6192968000001,
                            "children": {
                                "SubprocessEnvManager._take_step": {
                                    "total": 233.09009750001127,
                                    "count": 56735,
                                    "self": 4.211616399977572,
                                    "children": {
                                        "TorchPolicy.evaluate": {
                                            "total": 228.8784811000337,
                                            "count": 55593,
                                            "self": 101.1351486000876,