{
    "name": "root",
    "gauges": {
        "PlatformJumper.Policy.Entropy.mean": {
            "value": 2.079014539718628,
            "min": 2.0421206951141357,
            "max": 2.0920655727386475,
            "count": 8
        },
        "PlatformJumper.Policy.Entropy.sum": {
            "value": 62177.0859375,
            "min": 61367.765625,
            "max": 62925.1484375,
            "count": 8
        },
        "PlatformJumper.Environment.EpisodeLength.mean": {
            "value": 332.6,
            "min": 272.38392857142856,
            "max": 415.67123287671234,
            "count": 8
        },
        "PlatformJumper.Environment.EpisodeLength.sum": {
            "value": 29934.0,
            "min": 26859.0,
            "max": 30544.0,
            "count": 8
        },
        "PlatformJumper.Step.mean": {
            "value": 239899.0,
            "min": 29877.0,
            "max": 239899.0,
            "count": 8
        },
        "PlatformJumper.Step.sum": {
            "value": 239899.0,
            "min": 29877.0,
            "max": 239899.0,
            "count": 8
        },
        "PlatformJumper.Policy.ExtrinsicValueEstimate.mean": {
            "value": 0.2298625111579895,
            "min": 0.14243684709072113,
            "max": 0.26076602935791016,
            "count": 8
        },
        "PlatformJumper.Policy.ExtrinsicValueEstimate.sum": {
            "value": 63.442054748535156,
            "min": 38.45794677734375,
            "max": 75.62214660644531,
            "count": 8
        },
        "PlatformJumper.Environment.CumulativeReward.mean": {
            "value": 0.6409890248675595,
            "min": -0.024459438448822177,
            "max": 0.6409890248675595,
            "count": 8
        },
        "PlatformJumper.Environment.CumulativeReward.sum": {
            "value": 58.33000126294792,
            "min": -1.809998445212841,
            "max": 68.00000144168735,
            "count": 8
        },
        "PlatformJumper.Policy.ExtrinsicReward.mean": {
            "value": 0.6409890248675595,
            "min": -0.024459438448822177,
            "max": 0.6409890248675595,
            "count": 8
        },
        "PlatformJumper.Policy.ExtrinsicReward.sum": {
            "value": 58.33000126294792,
            "min": -1.809998445212841,
            "max": 68.00000144168735,
            "count": 8
        },
        "PlatformJumper.Losses.PolicyLoss.mean": {
            "value": 0.06645617168561797,
            "min": 0.06618876527135333,
            "max": 0.07099154640511389,
            "count": 8
        },
        "PlatformJumper.Losses.PolicyLoss.sum": {
            "value": 0.9303864035986515,
            "min": 0.8604539485275933,
            "max": 1.0648731960767084,
            "count": 8
        },
        "PlatformJumper.Losses.ValueLoss.mean": {
            "value": 0.01065862737816148,
            "min": 0.007943817662388292,
            "max": 0.013026924555773,
            "count": 8
        },
        "PlatformJumper.Losses.ValueLoss.sum": {
            "value": 0.14922078329426072,
            "min": 0.11121344727343609,
            "max": 0.169350019225049,
            "count": 8
        },
        "PlatformJumper.Policy.LearningRate.mean": {
            "value": 2.9768832934228568e-05,
            "min": 2.9768832934228568e-05,
            "max": 0.00028155969845446155,
            "count": 8
        },
        "PlatformJumper.Policy.LearningRate.sum": {
            "value": 0.00041676366107919996,
            "min": 0.00041676366107919996,
            "max": 0.003660276079908,
            "count": 8
        },
        "PlatformJumper.Policy.Epsilon.mean": {
            "value": 0.10992291428571431,
            "min": 0.10992291428571431,
            "max": 0.1938532307692308,
            "count": 8
        },
        "PlatformJumper.Policy.Epsilon.sum": {
            "value": 1.5389208000000003,
            "min": 1.5389208000000003,
            "max": 2.5521644000000006,
            "count": 8
        },
        "PlatformJumper.Policy.Beta.mean": {
            "value": 0.0010012991371428572,
            "min": 0.0010012991371428572,
            "max": 0.009385937753846153,
            "count": 8
        },
        "PlatformJumper.Policy.Beta.sum": {
            "value": 0.014018187920000001,
            "min": 0.014018187920000001,
            "max": 0.12201719079999998,
            "count": 8
        },
        "PlatformJumper.IsTraining.mean": {
            "value": 1.0,
            "min": 1.0,
            "max": 1.0,
            "count": 8
        },
        "PlatformJumper.IsTraining.sum": {
            "value": 1.0,
            "min": 1.0,
            "max": 1.0,
            "count": 8
        }
    },
    "metadata": {
        "timer_format_version": "0.1.0",
        "start_time_seconds": "1641476835",
        "python_version": "3.7.9 (tags/v3.7.9:13c94747c7, Aug 17 2020, 18:58:18) [MSC v.1900 64 bit (AMD64)]",
        "command_line_arguments": "C:\\Users\\Ortwin\\AppData\\Local\\Programs\\Python\\Python37\\Scripts\\mlagents-learn ..\\Config\\PlatformJumper_PPO_250K.yaml --run-id=PlatformJumper_PPO_2-platform_250K_01_01 --initialize-from=PlatformJumper_PPO_1-platform_250K_01",
        "mlagents_version": "0.27.0",
        "mlagents_envs_version": "0.27.0",
        "communication_protocol_version": "1.5.0",
        "pytorch_version": "1.7.1+cu110",
        "numpy_version": "1.21.5",
        "end_time_seconds": "1641477351"
    },
    "total": 515.4469538,
    "count": 1,
    "self": 0.006099799999901734,
    "children": {
        "run_training.setup": {
            "total": 0.07542740000000003,
            "count": 1,
            "self": 0.07542740000000003
        },
        "TrainerController.start_learning": {
            "total": 515.3654266000001,
            "count": 1,
            "self": 0.5524718000040139,
            "children": {
                "TrainerController._reset_env": {
                    "total": 7.9279209,
                    "count": 1,
                    "self": 7.9279209
                },
                "TrainerController.advance": {
                    "total": 506.7548952999961,
                    "count": 28444,
                    "self": 0.58514439999675,
                    "children": {
                        "env_step": {
                            "total": 366.57299609999575,
                            "count": 28444,
                            "self": 286.64449249999944,
                            "children": {
                                "SubprocessEnvManager._take_step": {
                                    "total": 79.58681909999571,
                                    "count": 28444,
                                    "self": 1.721432299993154,
                                    "children": {
                                        "TorchPolicy.evaluate": {
                                            "total": 77.86538680000255,
                                            "count": 27860,
                                            "self": 33.39889460000086,
                                            "children": {
                                                "TorchPolicy.sample_actions": {
                                                    "total": 44.466492200001696,
                                                    "count": 27860,
                                                    "self": 44.466492200001696
                                                }
                                            }
                                        }
                                    }
                                },
                                "workers": {
                                    "total": 0.3416845000005875,
                                    "count": 28444,
                                    "self": 0.0,