{
    "name": "root",
    "gauges": {
        "PlatformJumper.Policy.Entropy.mean": {
            "value": 2.2441530227661133,
            "min": 2.057417392730713,
            "max": 2.3142096996307373,
            "count": 33
        },
        "PlatformJumper.Policy.Entropy.sum": {
            "value": 67277.4609375,
            "min": 63123.625,
            "max": 69797.9921875,
            "count": 33
        },
        "PlatformJumper.Step.mean": {
            "value": 989879.0,
            "min": 29976.0,
            "max": 989879.0,
            "count": 33
        },
        "PlatformJumper.Step.sum": {
            "value": 989879.0,
            "min": 29976.0,
            "max": 989879.0,
            "count": 33
        },
        "PlatformJumper.Policy.ExtrinsicValueEstimate.mean": {
            "value": -0.02153732441365719,
            "min": -0.10126820206642151,
            "max": 0.08681239932775497,
            "count": 33
        },
        "PlatformJumper.Policy.ExtrinsicValueEstimate.sum": {
            "value": -5.212032318115234,
            "min": -25.31705093383789,
            "max": 22.050350189208984,
            "count": 33
        },
        "PlatformJumper.Policy.GailValueEstimate.mean": {
            "value": 0.32135817408561707,
            "min": 0.2931725084781647,
            "max": 0.48113468289375305,
            "count": 33
        },
        "PlatformJumper.Policy.GailValueEstimate.sum": {
            "value": 77.7686767578125,
            "min": 70.65457153320312,
            "max": 120.76480865478516,
            "count": 33
        },
        "PlatformJumper.Environment.EpisodeLength.mean": {
            "value": 907.8823529411765,
            "min": 506.265306122449,
            "max": 975.5666666666667,
            "count": 33
        },
        "PlatformJumper.Environment.EpisodeLength.sum": {
            "value": 30868.0,
            "min": 24807.0,
            "max": 33106.0,
            "count": 33
        },
        "PlatformJumper.Environment.CumulativeReward.mean": {
            "value": -0.24558824574684396,
            "min": -0.6279411827597547,
            "max": -0.1675675742932268,
            "count": 33
        },
        "PlatformJumper.Environment.CumulativeReward.sum": {
            "value": -8.350000355392694,
            "min": -26.299999833106995,
            "max": -6.200000248849392,
            "count": 33
        },
        "PlatformJumper.Policy.ExtrinsicReward.mean": {
            "value": -0.24558824574684396,
            "min": -0.6279411827597547,
            "max": -0.1675675742932268,
            "count": 33
        },
        "PlatformJumper.Policy.ExtrinsicReward.sum": {
            "value": -8.350000355392694,
            "min": -26.299999833106995,
            "max": -6.200000248849392,
            "count": 33
        },
        "PlatformJumper.Policy.GailReward.mean": {
            "value": 2.7189961127279436,
            "min": 2.714058261484869,
            "max": 3.595891913946937,
            "count": 33
        },
        "PlatformJumper.Policy.GailReward.sum": {
            "value": 92.44586783275008,
            "min": 84.13580610603094,
            "max": 155.8698764666915,
            "count": 33
        },
        "PlatformJumper.Losses.PolicyLoss.mean": {
            "value": 0.06769975262440212,
            "min": 0.06644423512196745,
            "max": 0.07185458527743024,
            "count": 33
        },
        "PlatformJumper.Losses.PolicyLoss.sum": {
            "value": 1.0154962893660318,
            "min": 0.9062231007338668,
            "max": 1.063247270767988,
            "count": 33
        },
        "PlatformJumper.Losses.ValueLoss.mean": {
            "value": 0.0016174990256533621,
            "min": 0.0005808559994442303,
            "max": 0.0045125092537054365,
            "count": 33
        },
        "PlatformJumper.Losses.ValueLoss.sum": {
            "value": 0.02426248538480043,
            "min": 0.008131983992219224,
            "max": 0.058662620298170674,
            "count": 33
        },
        "PlatformJumper.Policy.LearningRate.mean": {
            "value": 7.548097483999999e-06,
            "min": 7.548097483999999e-06,
            "max": 0.0002954146169130769,
            "count": 33
        },
        "PlatformJumper.Policy.LearningRate.sum": {
            "value": 0.00011322146225999998,
            "min": 0.00011322146225999998,
            "max": 0.0041632159122614,
            "count": 33
        },
        "PlatformJumper.Policy.Epsilon.mean": {
            "value": 0.10251600000000001,
            "min": 0.10251600000000001,
            "max": 0.19847153846153848,
            "count": 33
        },
        "PlatformJumper.Policy.Epsilon.sum": {
            "value": 1.53774,
            "min": 1.4783772999999998,
            "max": 2.8877386000000005,
            "count": 33
        },
        "PlatformJumper.Policy.Beta.mean": {
            "value": 0.0002613484,
            "min": 0.0002613484,
            "max": 0.009847306692307692,
            "count": 33
        },
        "PlatformJumper.Policy.Beta.sum": {
            "value": 0.003920226,
            "min": 0.003920226,
            "max": 0.13878508614,
            "count": 33
        },
        "PlatformJumper.Policy.GAILPolicyEstimate.mean": {
            "value": 0.18496018638834358,
            "min": 0.16698815056034141,
            "max": 0.3703707903202168,
            "count": 33
        },
        "PlatformJumper.Policy.GAILPolicyEstimate.sum": {
            "value": 2.7744027958251536,
            "min": 2.3378341078447797,
            "max": 4.907776657491922,
            "count": 33
        },
        "PlatformJumper.Policy.GAILExpertEstimate.mean": {
            "value": 0.8274426966077753,
            "min": 0.6088480438565101,
            "max": 0.8380311729297751,
            "count": 33
        },
        "PlatformJumper.Policy.GAILExpertEstimate.sum": {
            "value": 12.411640449116629,
            "min": 7.915024570134632,
            "max": 12.411640449116629,
            "count": 33
        },
        "PlatformJumper.Losses.GAILLoss.mean": {
            "value": 0.4626177676849895,
            "min": 0.422228010859163,
            "max": 1.0366124527621594,
            "count": 33
        },
        "PlatformJumper.Losses.GAILLoss.sum": {
            "value": 6.939266515274843,
            "min": 5.911192152028282,
            "max": 13.475961885908072,
            "count": 33
        },
        "PlatformJumper.Policy.GAILGradMagLoss.mean": {
            "value": 0.059504812394475776,
            "min": 0.059504812394475776,
            "max": 0.899926569309299,
            "count": 33
        },
        "PlatformJumper.Policy.GAILGradMagLoss.sum": {
            "value": 0.8925721859171366,
            "min": 0.8506703663745202,
            "max": 11.699045401020888,
            "count": 33
        },
        "PlatformJumper.IsTraining.mean": {
            "value": 1.0,
            "min": 1.0,
            "max": 1.0,
            "count": 33
        },
        "PlatformJumper.IsTraining.sum": {
            "value": 1.0,
            "min": 1.0,
            "max": 1.0,
            "count": 33
        }
    },
    "metadata": {
        "timer_format_version": "0.1.0",
        "start_time_seconds": "1642440858",
        "python_version": "3.7.9 (tags/v3.7.9:13c94747c7, Aug 17 2020, 18:58:18) [MSC v.1900 64 bit (AMD64)]",
        "command_line_arguments": "C:\\Users\\Ortwin\\AppData\\Local\\Programs\\Python\\Python37\\Scripts\\mlagents-learn ..\\Config\\PPO\\3-7-platform\\PlatformJumper_PPO_GAIL-5m_3-7-platform_1000K.yaml --run-id=PlatformJumper_UpDownRewards_PPO_GAIL-5m_3-7-platform_from-prev-ppo_1000K --initialize-from=PlatformJumper_UpDownRewards_PPO_1-2-platform_from-prev_1000K",
        "mlagents_version": "0.27.0",
        "mlagents_envs_version": "0.27.0",
        "communication_protocol_version": "1.5.0",