{
    "name": "root",
    "gauges": {
        "MoveToGoal.Policy.Entropy.mean": {
            "value": 2.094019889831543,
            "min": 2.088839530944824,
            "max": 2.107736587524414,
            "count": 6
        },
        "MoveToGoal.Policy.Entropy.sum": {
            "value": 104596.296875,
            "min": 104494.1953125,
            "max": 107125.7109375,
            "count": 6
        },
        "MoveToGoal.Step.mean": {
            "value": 299964.0,
            "min": 49954.0,
            "max": 299964.0,
            "count": 6
        },
        "MoveToGoal.Step.sum": {
            "value": 299964.0,
            "min": 49954.0,
            "max": 299964.0,
            "count": 6
        },
        "MoveToGoal.Policy.ExtrinsicValueEstimate.mean": {
            "value": 0.0269511416554451,
            "min": -0.12212490290403366,
            "max": 0.0269511416554451,
            "count": 6
        },
        "MoveToGoal.Policy.ExtrinsicValueEstimate.sum": {
            "value": 22.854568481445312,
            "min": -98.18842315673828,
            "max": 22.854568481445312,
            "count": 6
        },
        "MoveToGoal.Losses.PolicyLoss.mean": {
            "value": 0.02782451793124589,
            "min": 0.021432685883810337,
            "max": 0.02782451793124589,
            "count": 6
        },
        "MoveToGoal.Losses.PolicyLoss.sum": {
            "value": 0.13912258965622945,
            "min": 0.08762436000542947,
            "max": 0.13912258965622945,
            "count": 6
        },
        "MoveToGoal.Losses.ValueLoss.mean": {
            "value": 0.013493879665620625,
            "min": 0.0006339701182635811,
            "max": 0.013493879665620625,
            "count": 6
        },
        "MoveToGoal.Losses.ValueLoss.sum": {
            "value": 0.06746939832810313,
            "min": 0.0031698505913179053,
            "max": 0.06746939832810313,
            "count": 6
        },
        "MoveToGoal.Policy.LearningRate.mean": {
            "value": 0.00013239761586748003,
            "min": 0.00013239761586748003,
            "max": 0.00028388340537219997,
            "count": 6
        },
        "MoveToGoal.Policy.LearningRate.sum": {
            "value": 0.0006619880793374001,
            "min": 0.0006619880793374001,
            "max": 0.0012801906732697998,
            "count": 6
        },
        "MoveToGoal.Policy.Epsilon.mean": {
            "value": 0.14413252,
            "min": 0.14413252,
            "max": 0.1946278,
            "count": 6
        },
        "MoveToGoal.Policy.Epsilon.sum": {
            "value": 0.7206625999999999,
            "min": 0.7206625999999999,
            "max": 0.9267302000000002,
            "count": 6
        },
        "MoveToGoal.Policy.Beta.mean": {
            "value": 0.0022122127480000003,
            "min": 0.0022122127480000003,
            "max": 0.0047319272199999995,
            "count": 6
        },
        "MoveToGoal.Policy.Beta.sum": {
            "value": 0.011061063740000002,
            "min": 0.011061063740000002,
            "max": 0.021343836980000003,
            "count": 6
        },
        "MoveToGoal.Environment.EpisodeLength.mean": {
            "value": 411.2403100775194,
            "min": 411.2403100775194,
            "max": 965.433962264151,
            "count": 6
        },
        "MoveToGoal.Environment.EpisodeLength.sum": {
            "value": 53050.0,
            "min": 42221.0,
            "max": 53050.0,
            "count": 6
        },
        "MoveToGoal.Environment.CumulativeReward.mean": {
            "value": 0.2713178294573643,
            "min": -0.49056603773584906,
            "max": 0.2713178294573643,
            "count": 6
        },
        "MoveToGoal.Environment.CumulativeReward.sum": {
            "value": 35.0,
            "min": -26.0,
            "max": 35.0,
            "count": 6
        },
        "MoveToGoal.Policy.ExtrinsicReward.mean": {
            "value": 0.2713178294573643,
            "min": -0.49056603773584906,
            "max": 0.2713178294573643,
            "count": 6
        },
        "MoveToGoal.Policy.ExtrinsicReward.sum": {
            "value": 35.0,
            "min": -26.0,
            "max": 35.0,
            "count": 6
        },
        "MoveToGoal.IsTraining.mean": {
            "value": 1.0,
            "min": 1.0,
            "max": 1.0,
            "count": 6
        },
        "MoveToGoal.IsTraining.sum": {
            "value": 1.0,
            "min": 1.0,
            "max": 1.0,
            "count": 6
        }
    },
    "metadata": {
        "timer_format_version": "0.1.0",
        "start_time_seconds": "1640698038",
        "python_version": "3.7.9 (tags/v3.7.9:13c94747c7, Aug 17 2020, 18:58:18) [MSC v.1900 64 bit (AMD64)]",
        "command_line_arguments": "C:\\Users\\Ortwin\\AppData\\Local\\Programs\\Python\\Python37\\Scripts\\mlagents-learn --run-id=GoalSeeker3",
        "mlagents_version": "0.27.0",
        "mlagents_envs_version": "0.27.0",
        "communication_protocol_version": "1.5.0",
        "pytorch_version": "1.7.1+cu110",
        "numpy_version": "1.21.5",
        "end_time_seconds": "1640698456"
    },
    "total": 417.88109169999996,
    "count": 1,
    "self": 0.008354499999882137,
    "children": {
        "run_training.setup": {
            "total": 0.06904199999999994,
            "count": 1,
            "self": 0.06904199999999994
        },
        "TrainerController.start_learning": {
            "total": 417.80369520000005,
            "count": 1,
            "self": 0.26456530000069733,
            "children": {
                "TrainerController._reset_env": {
                    "total": 13.2088935,
                    "count": 1,
                    "self": 13.2088935
                },
                "TrainerController.advance": {
                    "total": 404.23760169999935,
                    "count": 14246,
                    "self": 0.2656936999964614,
                    "children": {
                        "env_step": {
                            "total": 299.0346912000025,
                            "count": 14246,
                            "self": 265.35011180000043,
                            "children": {
                                "SubprocessEnvManager._take_step": {
                                    "total": 33.52307630000047,
                                    "count": 14246,
                                    "self": 0.8060912999987906,
                                    "children": {
                                        "TorchPolicy.evaluate": {
                                            "total": 32.71698500000168,
                                            "count": 13784,
                                            "self": 13.143125900000243,
                                            "children": {
                                                "TorchPolicy.sample_actions": {
                                                    "total": 19.573859100001435,
                                                    "count": 13784,
                                                    "self": 19.573859100001435
                                                }
                                            }
                                        }
                                    }
                                },
                                "workers": {
                                    "total": 0.16150310000160317,
                                    "count": 14245,
                                    "self": 0.0,
                                    "children": {
                                        "worker_root": {
                                            "total": 405.32005159999864,
                                            "count": 14245,
                                            "is_parallel": true,
                                            "self": 161.13447400000322,