{"count":1,"self":113.28341759999999,"total":119.8626852,"children":{"InitializeActuators":{"count":9,"self":0.0064478999999999995,"total":0.0064478999999999995,"children":null},"InitializeSensors":{"count":9,"self":0.011406999999999999,"total":0.011406999999999999,"children":null},"AgentSendState":{"count":5354,"self":1.9267176,"total":2.3231083,"children":{"CollectObservations":{"count":9639,"self":0.18884209999999998,"total":0.18884209999999998,"children":null},"WriteActionMask":{"count":9639,"self":0.054075399999999996,"total":0.054075399999999996,"children":null},"RequestDecision":{"count":9639,"self":0.15347329999999998,"total":0.15347329999999998,"children":null}}},"DecideAction":{"count":5354,"self":2.7690272,"total":3.265854,"children":{"RayPerceptionSensor.Perceive":{"count":67473,"self":0.49682669999999995,"total":0.49682669999999995,"children":null}}},"AgentAct":{"count":5354,"self":0.97046,"total":0.97046,"children":null}},"gauges":{"MoveToGoal.CumulativeReward":{"count":17,"max":0.98,"min":-1.3,"runningAverage":0.206470609,"value":-0.559999764,"weightedAverage":-0.3112751}},"metadata":{"timer_format_version":"0.1.0","start_time_seconds":"1640713425","unity_version":"2021.2.7f1","command_line_arguments":"D:\\Software\\Unity\\Hub\\Editor\\2021.2.7f1\\Editor\\Unity.exe -projectpath D:\\GIT\\Projects\\Unity\\ML-Agents -useHub -hubIPC -cloudEnvironment production -licensingIpc LicenseClient-Ortwin -hubSessionId 55d2ef10-67c8-11ec-8ef5-777e28a36c68 -accessToken D7i7Z0_zY3dVxcJy13ydc-j8Ut5rI79AY4JcGI8A5Fo008f","communication_protocol_version":"1.5.0","com.unity.ml-agents_version":"2.0.1","scene_name":"Level_01","end_time_seconds":"1640713545"}}