{
    "name": "root",
    "gauges": {
        "PlatformJumper.Policy.Entropy.mean": {
            "value": 0.6386135816574097,
            "min": 0.5933627486228943,
            "max": 1.594990611076355,
            "count": 16
        },
        "PlatformJumper.Policy.Entropy.sum": {
            "value": 19162.23828125,
            "min": 17809.783203125,
            "max": 48907.1953125,
            "count": 16
        },
        "PlatformJumper.Step.mean": {
            "value": 479998.0,
            "min": 29962.0,
            "max": 479998.0,
            "count": 16
        },
        "PlatformJumper.Step.sum": {
            "value": 479998.0,
            "min": 29962.0,
            "max": 479998.0,
            "count": 16
        },
        "PlatformJumper.Policy.ExtrinsicValue.mean": {
            "value": 1.9084410667419434,
            "min": -0.12394868582487106,
            "max": 1.9084410667419434,
            "count": 16
        },
        "PlatformJumper.Policy.ExtrinsicValue.sum": {
            "value": 3484.8134765625,
            "min": -36.193016052246094,
            "max": 3503.52197265625,
            "count": 16
        },
        "PlatformJumper.Losses.PolicyLoss.mean": {
            "value": -3.7382812791485005,
            "min": -3.7382812791485005,
            "max": 0.19171444999121753,
            "count": 16
        },
        "PlatformJumper.Losses.PolicyLoss.sum": {
            "value": -11214.843837445502,
            "min": -11214.843837445502,
            "max": 555.205047174566,
            "count": 16
        },
        "PlatformJumper.Losses.ValueLoss.mean": {
            "value": 0.0006996401947260546,
            "min": 0.0006205007470291703,
            "max": 0.003661262062045513,
            "count": 16
        },
        "PlatformJumper.Losses.ValueLoss.sum": {
            "value": 2.0989205841781637,
            "min": 1.8621227418345399,
            "max": 10.98378618613654,
            "count": 16
        },
        "PlatformJumper.Losses.Q1Loss.mean": {
            "value": 0.0008135711428852769,
            "min": 0.0007017940842983127,
            "max": 0.007717292773395181,
            "count": 16
        },
        "PlatformJumper.Losses.Q1Loss.sum": {
            "value": 2.4407134286558305,
            "min": 2.1060840469792366,
            "max": 23.151878320185542,
            "count": 16
        },
        "PlatformJumper.Losses.Q2Loss.mean": {
            "value": 0.0008021428049657829,
            "min": 0.0007240210769354992,
            "max": 0.007731306878499961,
            "count": 16
        },
        "PlatformJumper.Losses.Q2Loss.sum": {
            "value": 2.4064284148973485,
            "min": 2.1727872518834332,
            "max": 23.193920635499882,
            "count": 16
        },
        "PlatformJumper.Policy.DiscreteEntropyCoeff.mean": {
            "value": 0.001253098906231268,
            "min": 0.0011761089114766849,
            "max": 0.007037581080025927,
            "count": 16
        },
        "PlatformJumper.Policy.DiscreteEntropyCoeff.sum": {
            "value": 3.759296718693804,
            "min": 3.527150625518578,
            "max": 20.380834807755086,
            "count": 16
        },
        "PlatformJumper.Policy.ContinuousEntropyCoeff.mean": {
            "value": 0.0008189271550244517,
            "min": 0.0007316096609573285,
            "max": 0.006801002921580502,
            "count": 16
        },
        "PlatformJumper.Policy.ContinuousEntropyCoeff.sum": {
            "value": 2.4567814650733553,
            "min": 2.194097373211028,
            "max": 19.695704460897133,
            "count": 16
        },
        "PlatformJumper.Policy.LearningRate.mean": {
            "value": 0.0003,
            "min": 0.0002999999999999999,
            "max": 0.0003,
            "count": 16
        },
        "PlatformJumper.Policy.LearningRate.sum": {
            "value": 0.8999999999999999,
            "min": 0.8687999999999999,
            "max": 0.9014999999999999,
            "count": 16
        },
        "PlatformJumper.Environment.EpisodeLength.mean": {
            "value": 15.422465753424657,
            "min": 15.311751904243744,
            "max": 225.03478260869565,
            "count": 16
        },
        "PlatformJumper.Environment.EpisodeLength.sum": {
            "value": 28146.0,
            "min": 25879.0,
            "max": 33161.0,
            "count": 16
        },
        "PlatformJumper.Environment.CumulativeReward.mean": {
            "value": 0.9881434940691193,
            "min": -0.6980869321881429,
            "max": 0.988274371325483,
            "count": 16
        },
        "PlatformJumper.Environment.CumulativeReward.sum": {
            "value": 1804.3500201702118,
            "min": -80.27999720163643,
            "max": 1816.2100204825401,
            "count": 16
        },
        "PlatformJumper.Policy.ExtrinsicReward.mean": {
            "value": 1.9762869881382386,
            "min": -1.3961738643762858,
            "max": 1.976548742650966,
            "count": 16
        },
        "PlatformJumper.Policy.ExtrinsicReward.sum": {
            "value": 3608.7000403404236,
            "min": -160.55999440327287,
            "max": 3632.4200409650803,
            "count": 16
        },
        "PlatformJumper.IsTraining.mean": {
            "value": 1.0,
            "min": 1.0,
            "max": 1.0,
            "count": 16
        },
        "PlatformJumper.IsTraining.sum": {
            "value": 1.0,
            "min": 1.0,
            "max": 1.0,
            "count": 16
        }
    },
    "metadata": {
        "timer_format_version": "0.1.0",
        "start_time_seconds": "1641221627",
        "python_version": "3.7.9 (tags/v3.7.9:13c94747c7, Aug 17 2020, 18:58:18) [MSC v.1900 64 bit (AMD64)]",
        "command_line_arguments": "C:\\Users\\Ortwin\\AppData\\Local\\Programs\\Python\\Python37\\Scripts\\mlagents-learn ..\\Config\\SAC_PlatformJumper.yaml --run-id=SAC_PlatformJumper_Phase1",
        "mlagents_version": "0.27.0",
        "mlagents_envs_version": "0.27.0",
        "communication_protocol_version": "1.5.0",
        "pytorch_version": "1.7.1+cu110",
        "numpy_version": "1.21.5",
        "end_time_seconds": "1641224330"
    },
    "total": 2702.6929667,
    "count": 1,
    "self": 0.017267199999878358,
    "children": {
        "run_training.setup": {
            "total": 0.10898529999999995,
            "count": 1,
            "self": 0.10898529999999995
        },
        "TrainerController.start_learning": {
            "total": 2702.5667142,
            "count": 1,
            "self": 1.7142544999842357,
            "children": {
                "TrainerController._reset_env": {
                    "total": 8.5406537,
                    "count": 1,
                    "self": 8.5406537
                },
                "TrainerController.advance": {
                    "total": 2692.0379036000163,
                    "count": 75743,
                    "self": 1.6772571999581487,
                    "children": {
                        "env_step": {
                            "total": 937.9401288999986,
                            "count": 75743,
                            "self": 740.279066200028,
                            "children": {
                                "SubprocessEnvManager._take_step": {
                                    "total": 196.64600920000106,
                                    "count": 75743,
                                    "self": 3.983465799993951,
                                    "children": {
                                        "TorchPolicy.evaluate": {
                                            "total": 192.6625434000071,
                                            "count": 55562,
                                            "self": 80.85048360000538,