{
    "name": "root",
    "metadata": {
        "timer_format_version": "0.1.0",
        "start_time_seconds": "1640697210",
        "python_version": "3.7.9 (tags/v3.7.9:13c94747c7, Aug 17 2020, 18:58:18) [MSC v.1900 64 bit (AMD64)]",
        "command_line_arguments": "C:\\Users\\Ortwin\\AppData\\Local\\Programs\\Python\\Python37\\Scripts\\mlagents-learn --run-id=GoalSeeker2",
        "mlagents_version": "0.27.0",
        "mlagents_envs_version": "0.27.0",
        "communication_protocol_version": "1.5.0",
        "pytorch_version": "1.7.1+cu110",
        "numpy_version": "1.21.5",
        "end_time_seconds": "1640697276"
    },
    "total": 66.56746849999999,
    "count": 1,
    "self": 0.008023899999983541,
    "children": {
        "run_training.setup": {
            "total": 0.0689303,
            "count": 1,
            "self": 0.0689303
        },
        "TrainerController.start_learning": {
            "total": 66.4905143,
            "count": 1,
            "self": 0.07212679999970817,
            "children": {
                "TrainerController._reset_env": {
                    "total": 11.944940500000001,
                    "count": 1,
                    "self": 11.944940500000001
                },
                "TrainerController.advance": {
                    "total": 54.37390630000031,
                    "count": 4227,
                    "self": 0.07797530000069486,
                    "children": {
                        "env_step": {
                            "total": 49.79455919999973,
                            "count": 4227,
                            "self": 40.99115229999965,
                            "children": {
                                "SubprocessEnvManager._take_step": {
                                    "total": 8.758905599999961,
                                    "count": 4227,
                                    "self": 0.16608300000000753,
                                    "children": {
                                        "TorchPolicy.evaluate": {
                                            "total": 8.592822599999954,
                                            "count": 3557,
                                            "self": 3.3212076000000756,
                                            "children": {
                                                "TorchPolicy.sample_actions": {
                                                    "total": 5.271614999999878,
                                                    "count": 3557,
                                                    "self": 5.271614999999878
                                                }
                                            }
                                        }
                                    }
                                },
                                "workers": {
                                    "total": 0.044501300000124644,
                                    "count": 4226,
                                    "self": 0.0,
                                    "children": {
                                        "worker_root": {
                                            "total": 55.42991540000017,
                                            "count": 4226,
                                            "is_parallel": true,
                                            "self": 17.934281900000187,
                                            "children": {
                                                "steps_from_proto": {
                                                    "total": 0.0005980000000000985,
                                                    "count": 1,
                                                    "is_parallel": true,
                                                    "self": 0.00021690000000162968,
                                                    "children": {
                                                        "_process_rank_one_or_two_observation": {
                                                            "total": 0.0003810999999984688,
                                                            "count": 10,
                                                            "is_parallel": true,
                                                            "self": 0.0003810999999984688
                                                        }
                                                    }
                                                },
                                                "UnityEnvironment.step": {
                                                    "total": 37.49503549999998,
                                                    "count": 4226,
                                                    "is_parallel": true,
                                                    "self": 0.486431500000009,
                                                    "children": {
                                                        "UnityEnvironment._generate_step_input": {
                                                            "total": 0.30374319999983257,
                                                            "count": 4226,
                                                            "is_parallel": true,
                                                            "self": 0.30374319999983257
                                                        },
                                                        "communicator.exchange": {
                                                            "total": 34.689603099999864,
                                                            "count": 4226,
                                                            "is_parallel": true,
                                                            "self": 34.689603099999864
                                                        },
                                                        "steps_from_proto": {
                                                            "total": 2.015257700000271,
                                                            "count": 4226,
                                                            "is_parallel": true,
                                                            "self": 0.7584080000003919,
                                                            "children": {
                                                                "_process_rank_one_or_two_observation": {
                                                                    "total": 1.2568496999998793,
                                                                    "count": 42260,
                                                                    "is_parallel": true,
                                                                    "self": 1.2568496999998793
                                                                }
                                                            }
                                                        }
                                                    }
                                                }
                                            }
                                        }
                                    }
                                }
                            }
                        },
                        "trainer_advance": {
                            "total": 4.501371799999877,
                            "count": 4226,
                            "self": 0.09242700000014636,
                            "children": {
                                "process_trajectory": {
                                    "total": 2.0757330999997308,
                                    "count": 4226,
                                    "self": 2.0757330999997308
                                },