{
    "name": "root",
    "gauges": {
        "PlatformJumper.Policy.Entropy.mean": {
            "value": 1.9069427251815796,
            "min": 1.8861689567565918,
            "max": 2.1581482887268066,
            "count": 33
        },
        "PlatformJumper.Policy.Entropy.sum": {
            "value": 57683.109375,
            "min": 56256.875,
            "max": 64758.42578125,
            "count": 33
        },
        "PlatformJumper.Environment.EpisodeLength.mean": {
            "value": 56.773737373737376,
            "min": 52.86678507992895,
            "max": 251.296875,
            "count": 33
        },
        "PlatformJumper.Environment.EpisodeLength.sum": {
            "value": 28103.0,
            "min": 25160.0,
            "max": 32166.0,
            "count": 33
        },
        "PlatformJumper.Step.mean": {
            "value": 989991.0,
            "min": 29897.0,
            "max": 989991.0,
            "count": 33
        },
        "PlatformJumper.Step.sum": {
            "value": 989991.0,
            "min": 29897.0,
            "max": 989991.0,
            "count": 33
        },
        "PlatformJumper.Policy.ExtrinsicValueEstimate.mean": {
            "value": 0.7283425331115723,
            "min": 0.22597229480743408,
            "max": 0.7635340094566345,
            "count": 33
        },
        "PlatformJumper.Policy.ExtrinsicValueEstimate.sum": {
            "value": 406.4151306152344,
            "min": 70.50335693359375,
            "max": 474.15460205078125,
            "count": 33
        },
        "PlatformJumper.Policy.GailValueEstimate.mean": {
            "value": 0.13946090638637543,
            "min": 0.12345021963119507,
            "max": 0.32292601466178894,
            "count": 33
        },
        "PlatformJumper.Policy.GailValueEstimate.sum": {
            "value": 77.81918334960938,
            "min": 51.254127502441406,
            "max": 104.64044952392578,
            "count": 33
        },
        "PlatformJumper.Environment.CumulativeReward.mean": {
            "value": 0.9622424362622427,
            "min": 0.3500000157848347,
            "max": 0.9700355992695562,
            "count": 33
        },
        "PlatformJumper.Environment.CumulativeReward.sum": {
            "value": 476.31000594981015,
            "min": 45.15000203624368,
            "max": 545.1600067894906,
            "count": 33
        },
        "PlatformJumper.Policy.ExtrinsicReward.mean": {
            "value": 0.9622424362622427,
            "min": 0.3500000157848347,
            "max": 0.9700355992695562,
            "count": 33
        },
        "PlatformJumper.Policy.ExtrinsicReward.sum": {
            "value": 476.31000594981015,
            "min": 45.15000203624368,
            "max": 545.1600067894906,
            "count": 33
        },
        "PlatformJumper.Policy.GailReward.mean": {
            "value": 0.3090492803716298,
            "min": 0.287565322750255,
            "max": 1.1822793032776007,
            "count": 33
        },
        "PlatformJumper.Policy.GailReward.sum": {
            "value": 152.97939378395677,
            "min": 128.33674266561866,
            "max": 189.8551803054288,
            "count": 33
        },
        "PlatformJumper.Losses.PolicyLoss.mean": {
            "value": 0.06740747316934739,
            "min": 0.06406893050396624,
            "max": 0.07128110638818509,
            "count": 33
        },
        "PlatformJumper.Losses.PolicyLoss.sum": {
            "value": 1.0111120975402108,
            "min": 0.905458358296831,
            "max": 1.0440708250522825,
            "count": 33
        },
        "PlatformJumper.Losses.ValueLoss.mean": {
            "value": 0.005258553834088768,
            "min": 0.004295069663688386,
            "max": 0.006687639279767782,
            "count": 33
        },
        "PlatformJumper.Losses.ValueLoss.sum": {
            "value": 0.07887830751133151,
            "min": 0.0601309752916374,
            "max": 0.09833651317846186,
            "count": 33
        },
        "PlatformJumper.Policy.LearningRate.mean": {
            "value": 7.530217489959998e-06,
            "min": 7.530217489959998e-06,
            "max": 0.0002952699230052642,
            "count": 33
        },
        "PlatformJumper.Policy.LearningRate.sum": {
            "value": 0.00011295326234939998,
            "min": 0.00011295326234939998,
            "max": 0.004133778922073699,
            "count": 33
        },
        "PlatformJumper.Policy.Epsilon.mean": {
            "value": 0.10251004000000002,
            "min": 0.10251004000000002,
            "max": 0.1984233071428572,
            "count": 33
        },
        "PlatformJumper.Policy.Epsilon.sum": {
            "value": 1.5376506000000003,
            "min": 1.4775423,
            "max": 2.7779263000000007,
            "count": 33
        },
        "PlatformJumper.Policy.Beta.mean": {
            "value": 0.000260752996,
            "min": 0.000260752996,
            "max": 0.009842488383571426,
            "count": 33
        },
        "PlatformJumper.Policy.Beta.sum": {
            "value": 0.00391129494,
            "min": 0.00391129494,
            "max": 0.13779483736999998,
            "count": 33
        },
        "PlatformJumper.Policy.GAILPolicyEstimate.mean": {
            "value": 0.30289671447955896,
            "min": 0.26897562293128835,
            "max": 0.37418438192043035,
            "count": 33
        },
        "PlatformJumper.Policy.GAILPolicyEstimate.sum": {
            "value": 4.543450717193385,
            "min": 4.0346343439693255,
            "max": 5.612765728806456,
            "count": 33
        },
        "PlatformJumper.Policy.GAILExpertEstimate.mean": {
            "value": 0.7068679321143362,
            "min": 0.640556517160601,
            "max": 0.7349100202322006,
            "count": 33
        },
        "PlatformJumper.Policy.GAILExpertEstimate.sum": {
            "value": 10.603018981715042,
            "min": 9.07814989560375,
            "max": 11.02365030348301,
            "count": 33
        },
        "PlatformJumper.Losses.GAILLoss.mean": {
            "value": 0.8283745858404372,
            "min": 0.7370914051102269,
            "max": 1.0161244488424725,
            "count": 33
        },
        "PlatformJumper.Losses.GAILLoss.sum": {
            "value": 12.425618787606558,
            "min": 11.056371076653402,
            "max": 15.241866732637087,
            "count": 33
        },
        "PlatformJumper.Policy.GAILGradMagLoss.mean": {
            "value": 0.03738272312459433,
            "min": 0.031641642908410476,
            "max": 0.8736097272107226,
            "count": 33
        },
        "PlatformJumper.Policy.GAILGradMagLoss.sum": {
            "value": 0.5607408468689149,
            "min": 0.46750536623214567,
            "max": 12.230536180950116,
            "count": 33
        },
        "PlatformJumper.IsTraining.mean": {
            "value": 1.0,
            "min": 1.0,
            "max": 1.0,
            "count": 33
        },
        "PlatformJumper.IsTraining.sum": {
            "value": 1.0,
            "min": 1.0,
            "max": 1.0,
            "count": 33
        }
    },
    "metadata": {
        "timer_format_version": "0.1.0",
        "start_time_seconds": "1642153339",
        "python_version": "3.7.9 (tags/v3.7.9:13c94747c7, Aug 17 2020, 18:58:18) [MSC v.1900 64 bit (AMD64)]",
        "command_line_arguments": "C:\\Users\\Ortwin\\AppData\\Local\\Programs\\Python\\Python37\\Scripts\\mlagents-learn ..\\Config\\PPO\\1-2-platform\\PlatformJumper_PPO_GAIL-5m_1-2-platform_1000K.yaml --run-id=PlatformJumper_PPO_GAIL-5m_1-2-platform_1000K_01 --initialize-from=PlatformJumper_PPO_1-platform_250k_01",
        "mlagents_version": "0.27.0",
        "mlagents_envs_version": "0.27.0",
        "communication_protocol_version": "1.5.0",
        "pytorch_version": "1.7.1+cu110",
        "numpy_version": "1.21.5",