{
    "name": "root",
    "gauges": {
        "PlatformJumper.Policy.Entropy.mean": {
            "value": 1.8054065704345703,
            "min": 1.8054065704345703,
            "max": 2.1032607555389404,
            "count": 33
        },
        "PlatformJumper.Policy.Entropy.sum": {
            "value": 53669.3203125,
            "min": 53669.3203125,
            "max": 64378.7109375,
            "count": 33
        },
        "PlatformJumper.Step.mean": {
            "value": 989998.0,
            "min": 29979.0,
            "max": 989998.0,
            "count": 33
        },
        "PlatformJumper.Step.sum": {
            "value": 989998.0,
            "min": 29979.0,
            "max": 989998.0,
            "count": 33
        },
        "PlatformJumper.Policy.ExtrinsicValueEstimate.mean": {
            "value": -0.034666724503040314,
            "min": -0.5217245817184448,
            "max": -0.02856902964413166,
            "count": 33
        },
        "PlatformJumper.Policy.ExtrinsicValueEstimate.sum": {
            "value": -8.354681015014648,
            "min": -131.99632263183594,
            "max": -6.885136127471924,
            "count": 33
        },
        "PlatformJumper.Policy.GailValueEstimate.mean": {
            "value": 0.4171772003173828,
            "min": 0.39481714367866516,
            "max": 0.5586543679237366,
            "count": 33
        },
        "PlatformJumper.Policy.GailValueEstimate.sum": {
            "value": 100.53970336914062,
            "min": 95.54574584960938,
            "max": 141.3395538330078,
            "count": 33
        },
        "PlatformJumper.Environment.EpisodeLength.mean": {
            "value": 981.4242424242424,
            "min": 595.9772727272727,
            "max": 999.0,
            "count": 33
        },
        "PlatformJumper.Environment.EpisodeLength.sum": {
            "value": 32387.0,
            "min": 26223.0,
            "max": 32387.0,
            "count": 33
        },
        "PlatformJumper.Environment.CumulativeReward.mean": {
            "value": -0.3365624880534597,
            "min": -1.0995454273440621,
            "max": -0.25068964173310787,
            "count": 33
        },
        "PlatformJumper.Environment.CumulativeReward.sum": {
            "value": -10.76999961771071,
            "min": -48.37999880313873,
            "max": -7.269999610260129,
            "count": 33
        },
        "PlatformJumper.Policy.ExtrinsicReward.mean": {
            "value": -0.3365624880534597,
            "min": -1.0995454273440621,
            "max": -0.25068964173310787,
            "count": 33
        },
        "PlatformJumper.Policy.ExtrinsicReward.sum": {
            "value": -10.76999961771071,
            "min": -48.37999880313873,
            "max": -7.269999610260129,
            "count": 33
        },
        "PlatformJumper.Policy.GailReward.mean": {
            "value": 3.7831663362449035,
            "min": 3.171467266299508,
            "max": 4.452378251204209,
            "count": 33
        },
        "PlatformJumper.Policy.GailReward.sum": {
            "value": 121.06132275983691,
            "min": 104.2840067781508,
            "max": 144.54556562495418,
            "count": 33
        },
        "PlatformJumper.Losses.PolicyLoss.mean": {
            "value": 0.06784076586451533,
            "min": 0.06494814477305508,
            "max": 0.07175389847118234,
            "count": 33
        },
        "PlatformJumper.Losses.PolicyLoss.sum": {
            "value": 0.9497707221032146,
            "min": 0.909274026822771,
            "max": 1.0439510855468124,
            "count": 33
        },
        "PlatformJumper.Losses.ValueLoss.mean": {
            "value": 0.0017742069904372571,
            "min": 0.00048537104228809096,
            "max": 0.005414504800780154,
            "count": 33
        },
        "PlatformJumper.Losses.ValueLoss.sum": {
            "value": 0.0248388978661216,
            "min": 0.006795194592033273,
            "max": 0.07580306721092216,
            "count": 33
        },
        "PlatformJumper.Policy.LearningRate.mean": {
            "value": 7.308268992514287e-06,
            "min": 7.308268992514287e-06,
            "max": 0.0002951747801798357,
            "count": 33
        },
        "PlatformJumper.Policy.LearningRate.sum": {
            "value": 0.00010231576589520002,
            "min": 0.00010231576589520002,
            "max": 0.0041324469225177,
            "count": 33
        },
        "PlatformJumper.Policy.Epsilon.mean": {
            "value": 0.10243605714285715,
            "min": 0.10243605714285715,
            "max": 0.19839159285714286,
            "count": 33
        },
        "PlatformJumper.Policy.Epsilon.sum": {
            "value": 1.4341048,
            "min": 1.4341048,
            "max": 2.7774823,
            "count": 33
        },
        "PlatformJumper.Policy.Beta.mean": {
            "value": 0.0002533621085714286,
            "min": 0.0002533621085714286,
            "max": 0.009839320126428571,
            "count": 33
        },
        "PlatformJumper.Policy.Beta.sum": {
            "value": 0.0035470695200000004,
            "min": 0.0035470695200000004,
            "max": 0.13775048177,
            "count": 33
        },
        "PlatformJumper.Policy.GAILPolicyEstimate.mean": {
            "value": 0.2094967824260832,
            "min": 0.2094967824260832,
            "max": 0.3592123198521506,
            "count": 33
        },
        "PlatformJumper.Policy.GAILPolicyEstimate.sum": {
            "value": 2.9329549539651647,
            "min": 2.9329549539651647,
            "max": 5.028972477930108,
            "count": 33
        },
        "PlatformJumper.Policy.GAILExpertEstimate.mean": {
            "value": 0.7860375847302231,
            "min": 0.6409616092393284,
            "max": 0.7867860577172703,
            "count": 33
        },
        "PlatformJumper.Policy.GAILExpertEstimate.sum": {
            "value": 11.004526186223124,
            "min": 8.973462529350599,
            "max": 11.801790865759054,
            "count": 33
        },
        "PlatformJumper.Losses.GAILLoss.mean": {
            "value": 0.5833182804865622,
            "min": 0.5633151623937819,
            "max": 0.9554536129254357,
            "count": 33
        },
        "PlatformJumper.Losses.GAILLoss.sum": {
            "value": 8.16645592681187,
            "min": 8.163442428497707,
            "max": 13.3763505809561,
            "count": 33
        },
        "PlatformJumper.Policy.GAILGradMagLoss.mean": {
            "value": 0.0505186133689954,
            "min": 0.04799793304693533,
            "max": 0.8866744612023602,
            "count": 33
        },
        "PlatformJumper.Policy.GAILGradMagLoss.sum": {
            "value": 0.7072605871659357,
            "min": 0.6506661788592407,
            "max": 12.413442456833042,
            "count": 33
        },
        "PlatformJumper.IsTraining.mean": {
            "value": 1.0,
            "min": 1.0,
            "max": 1.0,
            "count": 33
        },
        "PlatformJumper.IsTraining.sum": {
            "value": 1.0,
            "min": 1.0,
            "max": 1.0,
            "count": 33
        }
    },
    "metadata": {
        "timer_format_version": "0.1.0",
        "start_time_seconds": "1642425232",
        "python_version": "3.7.9 (tags/v3.7.9:13c94747c7, Aug 17 2020, 18:58:18) [MSC v.1900 64 bit (AMD64)]",
        "command_line_arguments": "C:\\Users\\Ortwin\\AppData\\Local\\Programs\\Python\\Python37\\Scripts\\mlagents-learn ..\\Config\\PPO\\3-7-platform\\PlatformJumper_PPO_GAIL-10m_3-7-platform_1000K.yaml --run-id=PlatformJumper_PPO_GAIL-10m_3-7-platform_1000K_init-0_01",
        "mlagents_version": "0.27.0",
        "mlagents_envs_version": "0.27.0",
        "communication_protocol_version": "1.5.0",
        "pytorch_version": "1.7.1+cu110",
        "numpy_version": "1.21.5",